Aaliyah;w
Abby;w
Abigail;w
Acelya;w
Ada;w
Adele;w
Adelina;w
Adriana;w
Aileen;w
Aimee;w
Alara;w
Alea;w
Alena;w
Alessa;w
Alessia;w
Alexa;w
Alexandra;w
Alexia;w
Aleyna;w
Alia;w
Alice;w
Alicia;w
Alicja;w
Alina;w
Alisa;w
Alisha;w
Alissa;w
Aliya;w
Alma;w
Alva;w
Alya;w
Alyssa;w
Amalia;w
Amanda;w
Amara;w
Amelia;w
Amelie;w
Amilia;w
Amina;w
Amira;w
Amy;w
Anastasia;w
Andrea;w
Angelina;w
Anisa;w
Anita;w
Anja;w
Ann;w
Anna;w
Annabell;w
Annabella;w
Annabelle;w
Annalena;w
Anne;w
Anneke;w
Annelie;w
Annemarie;w
Anni;w
Annika;w
Anouk;w
Antonia;w
Ariana;w
Ariane;w
Arina;w
Ashley;w
Asya;w
Aurelia;w
Aurora;w
Ava;w
Ayla;w
Ayleen;w
Aylin;w
Azra;w
Belinay;w
Bella;w
Betty;w
Beyza;w
Bianca;w
Bianka;w
Caja;w
Cara;w
Carina;w
Carla;w
Carlotta;w
Carolin;w
Carolina;w
Caroline;w
Cassandra;w
Cataleya;w
Catrin;w
Cecilia;w
Celina;w
Celine;w
Ceren;w
Ceyda;w
Ceylin;w
Charleen;w
Charlotta;w
Charlotte;w
Chayenne;w
Cheyenne;w
Chiara;w
Christin;w
Christina;w
Claire;w
Clara;w
Clarissa;w
Cleo;w
Cora;w
Dalia;w
Damla;w
Dana;w
Daria;w
Davina;w
Defne;w
Delia;w
Denise;w
Diana;w
Dila;w
Dilara;w
Dorothea;w
Ecrin;w
Eda;w
Edda;w
Eileen;w
Ela;w
Elaine;w
Elanur;w
Elea;w
Elena;w
Eleni;w
Eleonora;w
Eliana;w
Elif;w
Elin;w
Elina;w
Elisa;w
Elisabeth;w
Elise;w
Eliza;w
Ella;w
Ellen;w
Elli;w
Ellie;w
Elly;w
Elsa;w
Emelie;w
Emely;w
Emilia;w
Emilie;w
Emily;w
Emina;w
Emma;w
Emmi;w
Emmy;w
Enie;w
Enna;w
Enni;w
Enya;w
Esila;w
Eslem;w
Esma;w
Estelle;w
Esther;w
Eva;w
Evelin;w
Evelina;w
Eveline;w
Evelyn;w
Fabienne;w
Fanny;w
Fatima;w
Fatma;w
Felia;w
Felicia;w
Felicitas;w
Felina;w
Feline;w
Femke;w
Fenja;w
Feyza;w
Fina;w
Fine;w
Finja;w
Finnja;w
Fiona;w
Flora;w
Florentine;w
Franka;w
Franziska;w
Frederike;w
Freya;w
Frida;w
Frieda;w
Friederike;w
Giulia;w
Giuliana;w
Gloria;w
Grace;w
Greta;w
Hailey;w
Hanna;w
Hannah;w
Hedi;w
Hedy;w
Heidi;w
Helen;w
Helena;w
Helene;w
Helin;w
Henrieke;w
Henriette;w
Henrike;w
Hermine;w
Holly;w
Ida;w
Ilayda;w
Ina;w
Inga;w
Isa;w
Isabel;w
Isabell;w
Isabella;w
Isabelle;w
Ivy;w
Jamie;w
Jamila;w
Jana;w
Janina;w
Janna;w
Janne;w
Jara;w
Jasmin;w
Jasmina;w
Jenna;w
Jennifer;w
Jenny;w
Jessica;w
Jessika;w
Jette;w
Jil;w
Jill;w
Joana;w
Joanna;w
Joelina;w
Joeline;w
Johanna;w
Joleen;w
Jolie;w
Jolien;w
Jolin;w
Jolina;w
Joline;w
Jona;w
Jonah;w
Jonna;w
Josefin;w
Josefina;w
Josefine;w
Josephin;w
Josephina;w
Josephine;w
Josie;w
Josy;w
Joy;w
Joyce;w
Judith;w
Jule;w
Julia;w
Juliana;w
Juliane;w
Julie;w
Julika;w
Julina;w
Juna;w
Kaja;w
Karina;w
Karla;w
Karlotta;w
Karolina;w
Karoline;w
Kassandra;w
Kate;w
Katharina;w
Käthe;w
Kathrin;w
Katja;w
Katrin;w
Kaya;w
Kiana;w
Kiara;w
Kim;w
Kimberley;w
Kimberly;w
Kira;w
Klara;w
Kristin;w
Kyra;w
Laila;w
Lale;w
Lana;w
Lara;w
Larissa;w
Laura;w
Laureen;w
Lavin;w
Layla;w
Lea;w
Leah;w
Leana;w
Leandra;w
Leevke;w
Leia;w
Leila;w
Lena;w
Lene;w
Leni;w
Lenia;w
Lenja;w
Lenya;w
Leona;w
Leonie;w
Leonora;w
Leticia;w
Letizia;w
Levke;w
Leya;w
Leyla;w
Lia;w
Liah;w
Liana;w
Liara;w
Lieselotte;w
Lilia;w
Lilian;w
Liliana;w
Lilith;w
Lilli;w
Lillian;w
Lilly;w
Lina;w
Linda;w
Line;w
Linea;w
Linn;w
Linnea;w
Lisa;w
Lisbeth;w
Liv;w
Livia;w
Liya;w
Liyana;w
Liz;w
Lola;w
Loreen;w
Lorena;w
Lotta;w
Lotte;w
Lou;w
Louisa;w
Louise;w
Luana;w
Luca;w
Lucia;w
Lucie;w
Lucy;w
Luisa;w
Luise;w
Luka;w
Luna;w
Luzi;w
Luzie;w
Lya;w
Lydia;w
Lynn;w
Madeleine;w
Madita;w
Madleen;w
Madlen;w
Magdalena;w
Maike;w
Maila;w
Maileen;w
Mailin;w
Maira;w
Maja;w
Malea;w
Malena;w
Malia;w
Malin;w
Malina;w
Malou;w
Mara;w
Marah;w
Mareike;w
Maren;w
Maria;w
Mariam;w
Marie;w
Marieke;w
Mariella;w
Marike;w
Marina;w
Marisa;w
Marit;w
Marla;w
Marleen;w
Marlen;w
Marlena;w
Marlene;w
Marta;w
Martha;w
Mary;w
Maryam;w
Matea;w
Mathea;w
Mathilda;w
Mathilde;w
Matilda;w
Maxi;w
Maxima;w
Maya;w
Mayla;w
Mayleen;w
Maylin;w
Medina;w
Megan;w
Meike;w
Melanie;w
Melek;w
Melia;w
Melike;w
Melina;w
Melinda;w
Melis;w
Melisa;w
Melissa;w
Melody;w
Merle;w
Meryem;w
Mette;w
Meyra;w
Mia;w
Michelle;w
Mieke;w
Mila;w
Milana;w
Milena;w
Miley;w
Milla;w
Mina;w
Mira;w
Miray;w
Miriam;w
Mirja;w
Mona;w
Nadine;w
Naemi;w
Nahla;w
Naila;w
Nala;w
Naomi;w
Narin;w
Natalia;w
Natalie;w
Nathalie;w
Nayla;w
Nea;w
Neele;w
Nela;w
Nele;w
Nelli;w
Nelly;w
Neyla;w
Nia;w
Nicole;w
Nika;w
Nike;w
Nila;w
Nilay;w
Nina;w
Nisa;w
Nisanur;w
Noemi;w
Nora;w
Nova;w
Olivia;w
Patricia;w
Paula;w
Paulina;w
Pauline;w
Penelope;w
Philine;w
Philippa;w
Phoebe;w
Pia;w
Polly;w
Rafaela;w
Rahel;w
Raphaela;w
Rebecca;w
Ria;w
Rieke;w
Romina;w
Romy;w
Ronja;w
Rosa;w
Rosalie;w
Ruby;w
Ruth;w
Sabrina;w
Salome;w
Samantha;w
Samira;w
Sandra;w
Saphira;w
Sara;w
Sarah;w
Sarina;w
Saskia;w
Selin;w
Selina;w
Selma;w
Sena;w
Serafina;w
Shania;w
Sharon;w
Sidney;w
Sila;w
Sina;w
Sinah;w
Smilla;w
Sofia;w
Sofie;w
Sonja;w
Sophia;w
Sophie;w
Soraya;w
Stefanie;w
Stella;w
Stephanie;w
Stina;w
Stine;w
Summer;w
Svea;w
Svenja;w
Sydney;w
Tabea;w
Talea;w
Talia;w
Tamara;w
Tamia;w
Tamina;w
Tanja;w
Tara;w
Teresa;w
Tessa;w
Thalia;w
Thea;w
Theresa;w
Tia;w
Tiana;w
Tilda;w
Timea;w
Tina;w
Tuana;w
Valentina;w
Valeria;w
Valerie;w
Vanessa;w
Vera;w
Verena;w
Veronika;w
Victoria;w
Viktoria;w
Viola;w
Violetta;w
Vivian;w
Vivien;w
Vivienne;w
Wiebke;w
Xenia;w
Yagmur;w
Yara;w
Yasmin;w
Yasmina;w
Ylva;w
Ylvi;w
Ylvie;w
Yuna;w
Zara;w
Zehra;w
Zeynep;w
Ziva;w
Zoé;w
Zoe;w
Zoey;w
Zümra;w
Aaron;m
Adam;m
Adem;m
Adrian;m
Adriano;m
Ahmad;m
Ahmet;m
Aidan;m
Aiden;m
Alan;m
Albert;m
Alessandro;m
Alessio;m
Alex;m
Alexander;m
Alexandros;m
Alfred;m
Ali;m
Alwin;m
Amar;m
Amin;m
Amir;m
Amon;m
Andre;m
Andreas;m
Andrej;m
Angelo;m
Ansgar;m
Anthony;m
Anton;m
Antonio;m
Aras;m
Arda;m
Arian;m
Arjen;m
Armin;m
Arne;m
Arthur;m
Artur;m
Arvid;m
August;m
Aurel;m
Ayden;m
Azad;m
Baran;m
Bastian;m
Batuhan;m
Bela;m
Ben;m
Benedikt;m
Benjamin;m
Bennet;m
Benno;m
Benny;m
Bent;m
Berat;m
Berkay;m
Bilal;m
Bjarne;m
Björn;m
Bo;m
Bosse;m
Brian;m
Bruno;m
Bryan;m
Burak;m
Can;m
Carl;m
Carlo;m
Carlos;m
Caspar;m
Cedric;m
Cedrik;m
Cem;m
Charlie;m
Charly;m
Chris;m
Christian;m
Christoph;m
Christopher;m
Claas;m
Clemens;m
Colin;m
Collin;m
Conner;m
Connor;m
Constantin;m
Cornelius;m
Curt;m
Damian;m
Damien;m
Damon;m
Daniel;m
Danilo;m
Danny;m
Darian;m
Dario;m
Darius;m
David;m
Davide;m
Davin;m
Dean;m
Dejan;m
Demian;m
Deniz;m
Dennis;m
Denny;m
Devin;m
Diego;m
Dion;m
Domenic;m
Domenik;m
Dominic;m
Dominik;m
Dorian;m
Dustin;m
Dylan;m
Eddi;m
Eddy;m
Edgar;m
Eduard;m
Edwin;m
Efe;m
Ege;m
Elia;m
Eliah;m
Elian;m
Elias;m
Elija;m
Elijah;m
Emanuel;m
Emil;m
Emilian;m
Emilio;m
Emin;m
Emir;m
Emirhan;m
Emre;m
Enes;m
Enno;m
Enrico;m
Ensar;m
Eray;m
Eren;m
Eric;m
Erik;m
Erwin;m
Ethan;m
Etienne;m
Evan;m
Eymen;m
Eyüp;m
Fabian;m
Fabio;m
Fabrizio;m
Felix;m
Ferdinand;m
Fiete;m
Finlay;m
Finley;m
Finn;m
Finnley;m
Florian;m
Flynn;m
Francesco;m
Franz;m
Frederic;m
Frederik;m
Fridolin;m
Friedrich;m
Fritz;m
Furkan;m
Fynn;m
Gabriel;m
Georg;m
Gero;m
Gian;m
Gianluca;m
Giuliano;m
Giuseppe;m
Gregor;m
Gustav;m
Hagen;m
Hamza;m
Hannes;m
Hanno;m
Hans;m
Hasan;m
Hassan;m
Hauke;m
Hendrik;m
Hennes;m
Henning;m
Henri;m
Henrik;m
Henry;m
Hugo;m
Hüseyin;m
Ian;m
Ibrahim;m
Ilay;m
Ilias;m
Ilja;m
Ilyas;m
Ismail;m
Ivan;m
Iven;m
Jack;m
Jacob;m
Jaden;m
Jake;m
Jakob;m
Jakub;m
Jamal;m
James;m
Jamie;m
Janek;m
Janis;m
Janne;m
Jannek;m
Jannes;m
Jannik;m
Jannis;m
Jano;m
Janosch;m
Jari;m
Jarne;m
Jarno;m
Jaron;m
Jascha;m
Jason;m
Jasper;m
Jay;m
Jayden;m
Jean;m
Jenke;m
Jeremy;m
Jerome;m
Jesper;m
Jesse;m
Jim;m
Jimmy;m
Joe;m
Joel;m
Joey;m
Johann;m
Johannes;m
John;m
Johnny;m
Jon;m
Jona;m
Jonah;m
Jonas;m
Jonathan;m
Jonne;m
Jonte;m
Joost;m
Jordan;m
Joris;m
Joscha;m
Josef;m
Joseph;m
Joshua;m
Jost;m
Josua;m
Julian;m
Julien;m
Julius;m
Juri;m
Justin;m
Justus;m
Kaan;m
Kai;m
Kalle;m
Karim;m
Karl;m
Kay;m
Kenan;m
Keno;m
Kerem;m
Kerim;m
Kevin;m
Kian;m
Kilian;m
Kimi;m
Kirill;m
Kiyan;m
Kjell;m
Klaas;m
Klemens;m
Konrad;m
Konstantin;m
Koray;m
Korbinian;m
Kurt;m
Kuzey;m
Lars;m
Lasse;m
Laurens;m
Laurenz;m
Laurin;m
Lean;m
Leander;m
Leandro;m
Leano;m
Leif;m
Len;m
Lenn;m
Lennard;m
Lennart;m
Lenni;m
Lennox;m
Lenny;m
Leo;m
Leon;m
Leonard;m
Leonardo;m
Leonas;m
Leonhard;m
Leonidas;m
Leopold;m
Levent;m
Levi;m
Levin;m
Lewis;m
Liam;m
Lian;m
Lias;m
Lino;m
Linus;m
Lio;m
Lion;m
Lionel;m
Logan;m
Lorenz;m
Lorik;m
Loris;m
Louis;m
Luan;m
Luc;m
Luca;m
Lucas;m
Lucian;m
Lucien;m
Ludwig;m
Luis;m
Luiz;m
Luka;m
Lukas;m
Luke;m
Lutz;m
Luuk;m
Maddox;m
Mads;m
Magnus;m
Mahir;m
Maik;m
Mailo;m
Maksim;m
Malik;m
Malte;m
Manuel;m
Marc;m
Marcel;m
Marco;m
Marcus;m
Marek;m
Marian;m
Mario;m
Maris;m
Marius;m
Mark;m
Marko;m
Markus;m
Marlo;m
Marlon;m
Marten;m
Martin;m
Marvin;m
Marwin;m
Mathis;m
Mats;m
Matteo;m
Mattes;m
Matthias;m
Matthis;m
Matti;m
Mattis;m
Maurice;m
Max;m
Maxim;m
Maximilian;m
Mehmet;m
Meik;m
Melvin;m
Meo;m
Merlin;m
Mert;m
Mete;m
Michael;m
Michel;m
Mick;m
Miguel;m
Mika;m
Mikail;m
Mike;m
Miko;m
Milan;m
Milian;m
Milo;m
Milow;m
Mio;m
Mirac;m
Miran;m
Miro;m
Mohammed;m
Moritz;m
Muhammad;m
Musa;m
Mustafa;m
Nathan;m
Nathanael;m
Nelio;m
Neo;m
Neven;m
Nevio;m
Nick;m
Niclas;m
Nico;m
Nicolas;m
Niels;m
Nikita;m
Niklas;m
Niko;m
Nikolai;m
Nikolas;m
Nils;m
Nino;m
Noah;m
Noel;m
Ole;m
Oliver;m
Omar;m
Ömer;m
Oscar;m
Oskar;m
Otto;m
Pascal;m
Patrick;m
Paul;m
Peer;m
Pepe;m
Peter;m
Phil;m
Philipp;m
Pierre;m
Piet;m
Pius;m
Quentin;m
Quinn;m
Quirin;m
Rafael;m
Ramon;m
Raphael;m
Raul;m
Rayan;m
René;m
Ricardo;m
Riccardo;m
Richard;m
Rick;m
Rico;m
Robert;m
Robin;m
Rocco;m
Roman;m
Romeo;m
Ron;m
Ruben;m
Rüzgar;m
Ryan;m
Said;m
Salvatore;m
Sam;m
Sami;m
Samir;m
Sammy;m
Samuel;m
Sandro;m
Santiago;m
Santino;m
Sascha;m
Sean;m
Sebastian;m
Selim;m
Semih;m
Severin;m
Silas;m
Simeon;m
Simon;m
Sinan;m
Sirac;m
Sörne;m
Stanley;m
Stefan;m
Stephan;m
Steven;m
Sven;m
Taha;m
Talha;m
Tamino;m
Tamme;m
Tammo;m
Tarik;m
Taylan;m
Tayler;m
Taylor;m
Theo;m
Theodor;m
Thiago;m
Thies;m
Thilo;m
Thomas;m
Thorben;m
Thore;m
Tiago;m
Till;m
Tilo;m
Tim;m
Timo;m
Timon;m
Timur;m
Tino;m
Titus;m
Tizian;m
Tjark;m
Tobias;m
Tom;m
Tommy;m
Toni;m
Tony;m
Torben;m
Tristan;m
Tyler;m
Umut;m
Valentin;m
Valentino;m
Veit;m
Victor;m
Viktor;m
Vince;m
Vincent;m
Vinzenz;m
Vito;m
Wilhelm;m
Willi;m
William;m
Willy;m
Xaver;m
Yannick;m
Yannik;m
Yannis;m
Yasin;m
Yassin;m
Yigit;m
Younes;m
Youssef;m
Yunus;m
Yusuf;m
Yven;m
Jan;m
